Name,Phy,Chem,Maths,Percent
Ram,50,38,40,42.66666666666667
Shyam,70,45,78,64.33333333333333
Radhe,67,75,67,69.66666666666667
shiv,90,92,56,79.33333333333333
Jagannat,90,82,67,79.66666666666666
sanjeev,30,27,78,45.0
Ranjeet,67,90,99,85.33333333333334
